Systemization - Subsystem (Summary),Subsystem ID,Systemization - Process Plant ID,Physical Location - Area (Summary),Asset Discipline,Discipline
PS5-82-07 - Guard Huts,PS5-82-07,EACOP,PS5 - TZA - PS5 - Tanzania,B,B
PS5-99-01 - Area Completion for Building area,PS5-99-01,EACOP,PS5 - TZA - PS5 - Tanzania,B,B
PS5-99-05 - Area Completion for CFO area,PS5-99-05,EACOP,PS5 - TZA - PS5 - Tanzania,B,B
PS5-99-03 - Area Completion for Power Distribution area,PS5-99-03,EACOP,PS5 - TZA - PS5 - Tanzania,B,B
PS5-99-06 - Area Completion for Power Generation area,PS5-99-06,EACOP,PS5 - TZA - PS5 - Tanzania,B,B
PS5-99-04 - Area Completion for Process area,PS5-99-04,EACOP,PS5 - TZA - PS5 - Tanzania,B,B
PS5-99-02 - Area Completion for Utility area,PS5-99-02,EACOP,PS5 - TZA - PS5 - Tanzania,B,B
PS5-83-01 - EITS Building,PS5-83-01,EACOP,PS5 - COW - PS5 - Tanzania,B,B
PS5-82-05 - Office and Facilities building,PS5-82-05,EACOP,PS5 - TZA - PS5 - Tanzania,B,B
PS5-82-06 - Guard House Building,PS5-82-06,EACOP,PS5 - TZA - PS5 - Tanzania,B,B
PS5-84-02 - Workshop & Warehouse,PS5-84-02,EACOP,PS5 - TZA - PS5 - Tanzania,B,B
PS5-84-03 - Shelters,PS5-84-03,EACOP,PS5 - TZA - PS5 - Tanzania,B,B
PS5-84-01 - Generator Building,PS5-84-01,EACOP,PS5 - TZA - PS5 - Tanzania,B,B
PS5-86-01 - Shelters,PS5-86-01,EACOP,PS5 - TZA - PS5 - Tanzania,B,B
PS5-61-02 - 6.6kV Switchboard and Transformer LLHT North - EITS Building (PS5-61-IJ-0010),PS5-61-02,EACOP,PS5 - COW - PS5 - Tanzania,E,E
PS5-61-03 - 6.6kV Switchboard and Transformer LLHT South - EITS Building (PS5-61-IJ-0011),PS5-61-03,EACOP,PS5 - COW - PS5 - Tanzania,E,E
PS5-61-01 - 33kV Switchboard EITS Building (PS5-61-IJ-0001),PS5-61-01,EACOP,PS5 - COW - PS5 - Tanzania,E,E
PS5-61-07 - 0.4kV Switchboard EITS Building (PS5-61-IK-0001),PS5-61-07,EACOP,PS5 - TZA - PS5 - Tanzania,E,E
PS5-25-02 - Crude Oil Export Pump A,PS5-25-02,EACOP,PS5 - TZA - PS5 - Tanzania,E,E
PS5-25-03 - Crude Oil Export Pump B,PS5-25-03,EACOP,PS5 - TZA - PS5 - Tanzania,E,E
PS5-25-04 - Crude Oil Export Pump C,PS5-25-04,EACOP,PS5 - TZA - PS5 - Tanzania,E,E
PS5-60-01 - Power Generation Package A,PS5-60-01,EACOP,PS5 - TZA - PS5 - Tanzania,E,E
PS5-60-04 - Power Generation Package B,PS5-60-04,EACOP,PS5 - TZA - PS5 - Tanzania,E,E
PS5-60-07 - Power Generation Package C,PS5-60-07,EACOP,PS5 - TZA - PS5 - Tanzania,E,E
PS5-60-10 - Power Generation Package D,PS5-60-10,EACOP,PS5 - TZA - PS5 - Tanzania,E,E
PS5-60-13 - Power Generation Package E,PS5-60-13,EACOP,PS5 - TZA - PS5 - Tanzania,E,E
PS5-60-16 - Power Generation Package F,PS5-60-16,EACOP,PS5 - TZA - PS5 - Tanzania,E,E
PS5-60-19 - Power Generation Package G,PS5-60-19,EACOP,PS5 - TZA - PS5 - Tanzania,E,E
PS5-79-01 - Electrical Heat Tracing Transformer/Distribution Board 1 (PS5-79-IG-0001),PS5-79-01,EACOP,PS5 - TZA - PS5 - Tanzania,E,E
PS5-79-02 - Electrical Heat Tracing Transformer/Distribution Board 2 (PS5-79-IG-0002),PS5-79-02,EACOP,PS5 - TZA - PS5 - Tanzania,E,E
PS5-79-03 - Electrical Heat Tracing Transformer/Distribution Board 3 (PS5-79-IG-0003),PS5-79-03,EACOP,PS5 - TZA - PS5 - Tanzania,E,E
PS5-79-04 - Electrical Heat Tracing Transformer/Distribution Board 4 (PS5-79-IG-0004),PS5-79-04,EACOP,PS5 - TZA - PS5 - Tanzania,E,E
PS5-79-05 - Electrical Heat Tracing Transformer/Distribution Board 5 (PS5-79-IG-0005),PS5-79-05,EACOP,PS5 - TZA - PS5 - Tanzania,E,E
PS5-79-06 - Electrical Heat Tracing Transformer/Distribution Board 6 (PS5-79-IG-0006),PS5-79-06,EACOP,PS5 - TZA - PS5 - Tanzania,E,E
PS5-79-07 - Electrical Heat Tracing Transformer/Distribution Board 7 (PS5-79-IG-0007),PS5-79-07,EACOP,PS5 - TZA - PS5 - Tanzania,E,E
PS5-79-08 - Electrical Heat Tracing Transformer/Distribution Board 8 (PS5-79-IG-0008),PS5-79-08,EACOP,PS5 - TZA - PS5 - Tanzania,E,E
PS5-79-09 - Electrical Heat Tracing Transformer/Distribution Board 9 (PS5-79-IG-0009),PS5-79-09,EACOP,PS5 - TZA - PS5 - Tanzania,E,E
PS5-79-10 - Electrical Heat Tracing Transformer/Distribution Board 10 (PS5-79-IG-0010),PS5-79-10,EACOP,PS5 - TZA - PS5 - Tanzania,E,E
PS5-79-11 - Electrical Heat Tracing Transformer/Distribution Board 11 (PS5-79-IG-0011),PS5-79-11,EACOP,PS5 - TZA - PS5 - Tanzania,E,E
PS5-79-12 - Electrical Heat Tracing Transformer/Distribution Board 12 (PS5-79-IG-0012),PS5-79-12,EACOP,PS5 - TZA - PS5 - Tanzania,E,E
PS5-53-01 - Utility Water / Storage Tank,PS5-53-01,EACOP,PS5 - TZA - PS5 - Tanzania,E,E
PS5-71-04 - CFO Storage Tank,PS5-71-04,EACOP,PS5 - TZA - PS5 - Tanzania,E,E
PS5-71-12 - CFO Service Tank,PS5-71-12,EACOP,PS5 - TZA - PS5 - Tanzania,E,E
PS5-71-15 - Diesel Fuel Storage Tank,PS5-71-15,EACOP,PS5 - TZA - PS5 - Tanzania,E,E
PS5-61-05 - 0.4kV Switchboard Power Generator Building (PS5-61-IK-0003),PS5-61-05,EACOP,PS5 - TZA - PS5 - Tanzania,E,E
PS5-61-06 - 0.4kV Switchboard Power Generator Building (PS5-61-IK-0006),PS5-61-06,EACOP,PS5 - TZA - PS5 - Tanzania,E,E
PS5-61-04 - 0.4kV Switchboard Office & Facilities Building (PS5-61-IK-0005),PS5-61-04,EACOP,PS5 - TZA - PS5 - Tanzania,E,E
PS5-62-01 - Lighting Control Panel - PS5-62-IE-0001,PS5-62-01,EACOP,PS5 - TZA - PS5 - Tanzania,E,E
PS5-62-02 - Lighting Control Panel - PS5-62-IE-0002,PS5-62-02,EACOP,PS5 - TZA - PS5 - Tanzania,E,E
PS5-0H-01 - HIPPS,PS5-0H-01,EACOP,PS5 - COW - PS5 - Tanzania,E,E
PS5-04-03 - 33kV ICSS System,PS5-04-03,EACOP,PS5 - COW - PS5 - Tanzania,E,E
PS5-62-12 - EITS 33kV Bld. Emergency L&SP DP - PS5-05-IG-0003,PS5-62-12,EACOP,PS5 - COW - PS5 - Tanzania,E,E
PS5-61-08 - Electrical Control System,PS5-61-08,EACOP,PS5 - COW - PS5 - Tanzania,E,E
PS5-62-13 - EITS 33kV Bld. Normal L&SP DP - PS5-61-IG-0003,PS5-62-13,EACOP,PS5 - COW - PS5 - Tanzania,E,E
PS5-06-02 - AC UPS - Power Generator Building,PS5-06-02,EACOP,PS5 - TZA - PS5 - Tanzania,E,E
PS5-60-57 - Fuel Conditioning Module PS5-60-UZ-8900A (UCP),PS5-60-57,EACOP,PS5 - TZA - PS5 - Tanzania,E,E
PS5-60-59 - Fuel Conditioning Module PS5-60-UZ-8900B (UCP),PS5-60-59,EACOP,PS5 - TZA - PS5 - Tanzania,E,E
PS5-60-61 - Fuel Conditioning Module PS5-60-UZ-8900C (UCP),PS5-60-61,EACOP,PS5 - TZA - PS5 - Tanzania,E,E
PS5-60-63 - Fuel Conditioning Module PS5-60-UZ-8900D (UCP),PS5-60-63,EACOP,PS5 - TZA - PS5 - Tanzania,E,E
PS5-60-65 - Fuel Conditioning Module PS5-60-UZ-8900E (UCP),PS5-60-65,EACOP,PS5 - TZA - PS5 - Tanzania,E,E
PS5-60-67 - Fuel Conditioning Module PS5-60-UZ-8900F (UCP),PS5-60-67,EACOP,PS5 - TZA - PS5 - Tanzania,E,E
PS5-60-69 - Fuel Conditioning Module PS5-60-UZ-8900G (UCP),PS5-60-69,EACOP,PS5 - TZA - PS5 - Tanzania,E,E
PS5-05-01 - Emergency Diesel Generator Package,PS5-05-01,EACOP,PS5 - TZA - PS5 - Tanzania,E,E
PS5-60-03 - Power Gen Package A Generator Auxiliary MCCs & DBs,PS5-60-03,EACOP,PS5 - TZA - PS5 - Tanzania,E,E
PS5-60-06 - Power Gen Package B Generator Auxiliary MCCs & DBs,PS5-60-06,EACOP,PS5 - TZA - PS5 - Tanzania,E,E
PS5-60-09 - Power Gen Package C Generator Auxiliary MCCs & DBs,PS5-60-09,EACOP,PS5 - TZA - PS5 - Tanzania,E,E
PS5-60-12 - Power Gen Package D Generator Auxiliary MCCs & DBs,PS5-60-12,EACOP,PS5 - TZA - PS5 - Tanzania,E,E
PS5-60-15 - Power Gen Package E Generator Auxiliary MCCs & DBs,PS5-60-15,EACOP,PS5 - TZA - PS5 - Tanzania,E,E
PS5-60-18 - Power Gen Package F Generator Auxiliary MCCs & DBs,PS5-60-18,EACOP,PS5 - TZA - PS5 - Tanzania,E,E
PS5-60-21 - Power Gen Package G Generator Auxiliary MCCs & DBs,PS5-60-21,EACOP,PS5 - TZA - PS5 - Tanzania,E,E
PS5-60-22 - Power Gen Master UCP,PS5-60-22,EACOP,PS5 - TZA - PS5 - Tanzania,E,E
PS5-09-03 - HVAC for Generator Building,PS5-09-03,EACOP,PS5 - TZA - PS5 - Tanzania,E,E
PS5-28-10 - Oil Skimmer Package,PS5-28-10,EACOP,PS5 - TZA - PS5 - Tanzania,E,E
PS5-60-56 - Fuel Conditioning Module PS5-60-UZ-8900A,PS5-60-56,EACOP,PS5 - TZA - PS5 - Tanzania,E,E
PS5-60-58 - Fuel Conditioning Module PS5-60-UZ-8900B,PS5-60-58,EACOP,PS5 - TZA - PS5 - Tanzania,E,E
PS5-60-60 - Fuel Conditioning Module PS5-60-UZ-8900C,PS5-60-60,EACOP,PS5 - TZA - PS5 - Tanzania,E,E
PS5-60-62 - Fuel Conditioning Module PS5-60-UZ-8900D,PS5-60-62,EACOP,PS5 - TZA - PS5 - Tanzania,E,E
PS5-60-64 - Fuel Conditioning Module PS5-60-UZ-8900E,PS5-60-64,EACOP,PS5 - TZA - PS5 - Tanzania,E,E
PS5-60-66 - Fuel Conditioning Module PS5-60-UZ-8900F,PS5-60-66,EACOP,PS5 - TZA - PS5 - Tanzania,E,E
PS5-60-68 - Fuel Conditioning Module PS5-60-UZ-8900G,PS5-60-68,EACOP,PS5 - TZA - PS5 - Tanzania,E,E
"PS5-08-85 - Access Control, POB & e-Mustering",PS5-08-85,EACOP,PS5 - TZA - PS5 - Tanzania,E,E
PS5-71-07 - Crude Fuel Separation Module (UCP),PS5-71-07,EACOP,PS5 - TZA - PS5 - Tanzania,E,E
PS5-71-19 - Diesel Separator Module (UCP),PS5-71-19,EACOP,PS5 - TZA - PS5 - Tanzania,E,E
PS5-06-03 - AC UPS - Office & Facilities Building,PS5-06-03,EACOP,PS5 - TZA - PS5 - Tanzania,E,E
PS5-61-13 - Power Distribution Board Office Building - PS5-61-IG-0020,PS5-61-13,EACOP,PS5 - TZA - PS5 - Tanzania,E,E
PS5-61-14 - Power Distribution Board Workshop & Warehouse - PS5-61-IG-0009,PS5-61-14,EACOP,PS5 - TZA - PS5 - Tanzania,E,E
PS5-62-18 - Workshop & Warehouse Normal L&SP DB - PS5-61-IG-0004,PS5-62-18,EACOP,PS5 - TZA - PS5 - Tanzania,E,E
PS5-62-19 - Workshop & Warehouse Emergency L&SP DB - PS5-05-IG-0101,PS5-62-19,EACOP,PS5 - TZA - PS5 - Tanzania,E,E
PS5-01-08 - PS5 Deluge Valve Skid (PS5-01-UK-6100),PS5-01-08,EACOP,PS5 - TZA - PS5 - Tanzania,E,E
PS5-01-02 - Fire Water Pump A,PS5-01-02,EACOP,PS5 - TZA - PS5 - Tanzania,E,E
PS5-01-03 - Fire Water Pump B,PS5-01-03,EACOP,PS5 - TZA - PS5 - Tanzania,E,E
PS5-01-01 - Fire Water Jockey Pump A/B,PS5-01-01,EACOP,PS5 - TZA - PS5 - Tanzania,E,E
PS5-01-10 - Water Mist Package,PS5-01-10,EACOP,PS5 - TZA - PS5 - Tanzania,E,E
PS5-01-11 - Inergen for Power Gen Building,PS5-01-11,EACOP,PS5 - TZA - PS5 - Tanzania,E,E
PS5-01-05 - Foam Skid,PS5-01-05,EACOP,PS5 - TZA - PS5 - Tanzania,E,E
PS5-03-22 - FZ-G1 - Guard House,PS5-03-22,EACOP,PS5 - TZA - PS5 - Tanzania,E,E
PS5-03-14 - FZ-14 - Power Generation Building - Switchgear Room,PS5-03-14,EACOP,PS5 - TZA - PS5 - Tanzania,E,E
PS5-05-02 - Emergency Diesel Generator Package (UCP),PS5-05-02,EACOP,PS5 - TZA - PS5 - Tanzania,E,E
PS5-62-06 - CRO Generator Building Emergency Lighting DB  - PS5-05-IG-0025,PS5-62-06,EACOP,PS5 - TZA - PS5 - Tanzania,E,E
PS5-62-07 - CRO Generator Electrical Building Emergency Lighting DB  - PS5-05-IG-0026,PS5-62-07,EACOP,PS5 - TZA - PS5 - Tanzania,E,E
PS5-08-01 - PAGA,PS5-08-01,EACOP,PS5 - TZA - PS5 - Tanzania,E,E
PS5-08-03 - Telephone,PS5-08-03,EACOP,PS5 - TZA - PS5 - Tanzania,E,E
PS5-08-11 - Corporate LAN  (SIE),PS5-08-11,EACOP,PS5 - TZA - PS5 - Tanzania,E,E
PS5-08-12 - Corporate Wireless LAN (SIE),PS5-08-12,EACOP,PS5 - TZA - PS5 - Tanzania,E,E
PS5-08-15 - Security Data Network (SII SP3 SEC),PS5-08-15,EACOP,PS5 - TZA - PS5 - Tanzania,E,E
PS5-08-52 - Process & Security CCTV,PS5-08-52,EACOP,PS5 - TZA - PS5 - Tanzania,E,E
PS5-08-61 - Meteocean,PS5-08-61,EACOP,PS5 - TZA - PS5 - Tanzania,E,E
PS5-25-01 - Export Pipeline Pig Receiver,PS5-25-01,EACOP,PS5 - TZA - PS5 - Tanzania,E,E
PS5-25-07 - Export Pipeline Pig Launcher,PS5-25-07,EACOP,PS5 - TZA - PS5 - Tanzania,E,E
PS5-25-06 - Crude Oil Export Pumps Discharge,PS5-25-06,EACOP,PS5 - TZA - PS5 - Tanzania,E,E
PS5-25-05 - Crude Oil Export Pumps Bypass,PS5-25-05,EACOP,PS5 - TZA - PS5 - Tanzania,E,E
PS5-28-17 - Reinjection Pump,PS5-28-17,EACOP,PS5 - TZA - PS5 - Tanzania,E,E
PS5-28-03 - Closed Drain Drum and Pump 01,PS5-28-03,EACOP,PS5 - TZA - PS5 - Tanzania,E,E
PS5-28-04 - Closed Drain Drum and Pump 02,PS5-28-04,EACOP,PS5 - TZA - PS5 - Tanzania,E,E
PS5-28-11 - Open Drain Interceptor,PS5-28-11,EACOP,PS5 - TZA - PS5 - Tanzania,E,E
PS5-28-13 - Seal Oil Drain Drum & Pump A,PS5-28-13,EACOP,PS5 - TZA - PS5 - Tanzania,E,E
PS5-28-14 - Seal Oil Drain Drum & Pump B,PS5-28-14,EACOP,PS5 - TZA - PS5 - Tanzania,E,E
PS5-28-15 - Seal Oil Drain Drum & Pump C,PS5-28-15,EACOP,PS5 - TZA - PS5 - Tanzania,E,E
PS5-60-27 - Compressed Air Starting Skid,PS5-60-27,EACOP,PS5 - TZA - PS5 - Tanzania,E,E
PS5-60-26 - Instrument Air Compressor Skid,PS5-60-26,EACOP,PS5 - TZA - PS5 - Tanzania,E,E
PS5-60-49 - Lube Oil Separator Module PS5-60-UO-81100A,PS5-60-49,EACOP,PS5 - TZA - PS5 - Tanzania,E,E
PS5-60-50 - Lube Oil Separator Module PS5-60-UO-81100B,PS5-60-50,EACOP,PS5 - TZA - PS5 - Tanzania,E,E
PS5-60-51 - Lube Oil Separator Module PS5-60-UO-81100C,PS5-60-51,EACOP,PS5 - TZA - PS5 - Tanzania,E,E
PS5-60-52 - Lube Oil Separator Module PS5-60-UO-81100D,PS5-60-52,EACOP,PS5 - TZA - PS5 - Tanzania,E,E
PS5-60-53 - Lube Oil Separator Module PS5-60-UO-81100E,PS5-60-53,EACOP,PS5 - TZA - PS5 - Tanzania,E,E
PS5-60-54 - Lube Oil Separator Module PS5-60-UO-81100F,PS5-60-54,EACOP,PS5 - TZA - PS5 - Tanzania,E,E
PS5-60-55 - Lube Oil Separator Module PS5-60-UO-81100G,PS5-60-55,EACOP,PS5 - TZA - PS5 - Tanzania,E,E
PS5-60-35 - Injector Tip Cooling Module A,PS5-60-35,EACOP,PS5 - TZA - PS5 - Tanzania,E,E
PS5-60-36 - Injector Tip Cooling Module B,PS5-60-36,EACOP,PS5 - TZA - PS5 - Tanzania,E,E
PS5-60-37 - Injector Tip Cooling Module C,PS5-60-37,EACOP,PS5 - TZA - PS5 - Tanzania,E,E
PS5-60-38 - Injector Tip Cooling Module D,PS5-60-38,EACOP,PS5 - TZA - PS5 - Tanzania,E,E
PS5-60-39 - Injector Tip Cooling Module E,PS5-60-39,EACOP,PS5 - TZA - PS5 - Tanzania,E,E
PS5-60-40 - Injector Tip Cooling Module F,PS5-60-40,EACOP,PS5 - TZA - PS5 - Tanzania,E,E
PS5-60-41 - Injector Tip Cooling Module G,PS5-60-41,EACOP,PS5 - TZA - PS5 - Tanzania,E,E
PS5-60-70 - Engine A Cooling system,PS5-60-70,EACOP,PS5 - TZA - PS5 - Tanzania,E,E
PS5-60-71 - Engine B Cooling system,PS5-60-71,EACOP,PS5 - TZA - PS5 - Tanzania,E,E
PS5-60-72 - Engine C Cooling system,PS5-60-72,EACOP,PS5 - TZA - PS5 - Tanzania,E,E
PS5-60-73 - Engine D Cooling system,PS5-60-73,EACOP,PS5 - TZA - PS5 - Tanzania,E,E
PS5-60-74 - Engine E Cooling system,PS5-60-74,EACOP,PS5 - TZA - PS5 - Tanzania,E,E
PS5-60-75 - Engine F Cooling system,PS5-60-75,EACOP,PS5 - TZA - PS5 - Tanzania,E,E
PS5-60-76 - Engine G Cooling system,PS5-60-76,EACOP,PS5 - TZA - PS5 - Tanzania,E,E
PS5-60-02 - Power Gen Package A (UCP),PS5-60-02,EACOP,PS5 - TZA - PS5 - Tanzania,E,E
PS5-60-05 - Power Gen Package B (UCP),PS5-60-05,EACOP,PS5 - TZA - PS5 - Tanzania,E,E
PS5-60-08 - Power Gen Package C (UCP),PS5-60-08,EACOP,PS5 - TZA - PS5 - Tanzania,E,E
PS5-60-11 - Power Gen Package D (UCP),PS5-60-11,EACOP,PS5 - TZA - PS5 - Tanzania,E,E
PS5-60-14 - Power Gen Package E (UCP),PS5-60-14,EACOP,PS5 - TZA - PS5 - Tanzania,E,E
PS5-60-17 - Power Gen Package F (UCP),PS5-60-17,EACOP,PS5 - TZA - PS5 - Tanzania,E,E
PS5-60-20 - Power Gen Package G (UCP),PS5-60-20,EACOP,PS5 - TZA - PS5 - Tanzania,E,E
PS5-60-42 - Oil Mist Separator Skid PS5-60-VS-9100A,PS5-60-42,EACOP,PS5 - TZA - PS5 - Tanzania,E,E
PS5-60-43 - Oil Mist Separator Skid PS5-60-VS-9100B,PS5-60-43,EACOP,PS5 - TZA - PS5 - Tanzania,E,E
PS5-60-44 - Oil Mist Separator Skid PS5-60-VS-9100C,PS5-60-44,EACOP,PS5 - TZA - PS5 - Tanzania,E,E
PS5-60-45 - Oil Mist Separator Skid PS5-60-VS-9100D,PS5-60-45,EACOP,PS5 - TZA - PS5 - Tanzania,E,E
PS5-60-46 - Oil Mist Separator Skid PS5-60-VS-9100E,PS5-60-46,EACOP,PS5 - TZA - PS5 - Tanzania,E,E
PS5-60-47 - Oil Mist Separator Skid PS5-60-VS-9100F,PS5-60-47,EACOP,PS5 - TZA - PS5 - Tanzania,E,E
PS5-60-48 - Oil Mist Separator Skid PS5-60-VS-9100G,PS5-60-48,EACOP,PS5 - TZA - PS5 - Tanzania,E,E
PS5-62-10 - CRO Generator Building Normal L&SP DB  - PS5-61-IG-0015,PS5-62-10,EACOP,PS5 - TZA - PS5 - Tanzania,E,E
PS5-62-11 - CRO Generator Electrical Building Normal L&SP DB  - PS5-61-IG-0016,PS5-62-11,EACOP,PS5 - TZA - PS5 - Tanzania,E,E
PS5-62-14 - Office Building Emergency L&SP DB - PS5-05-IG-0002,PS5-62-14,EACOP,PS5 - TZA - PS5 - Tanzania,E,E
PS5-71-13 - CFO Service Pump A/B,PS5-71-13,EACOP,PS5 - TZA - PS5 - Tanzania,E,E
PS5-71-21 - Diesel Transfer Pump A/B,PS5-71-21,EACOP,PS5 - TZA - PS5 - Tanzania,E,E
PS5-71-05 - CFO Transfer Pump A/B,PS5-71-05,EACOP,PS5 - TZA - PS5 - Tanzania,E,E
PS5-71-09 - CFO Pre-Pressure Modules (UCP),PS5-71-09,EACOP,PS5 - TZA - PS5 - Tanzania,E,E
PS5-71-23 - Diesel Fuel Pre Pressure Module (UCP),PS5-71-23,EACOP,PS5 - TZA - PS5 - Tanzania,E,E
PS5-71-08 - CFO Pre-Pressure Modules,PS5-71-08,EACOP,PS5 - TZA - PS5 - Tanzania,E,E
PS5-71-22 - Diesel Fuel Pre Pressure Module,PS5-71-22,EACOP,PS5 - TZA - PS5 - Tanzania,E,E
PS5-71-20 - Diesel Fuel Day Tank,PS5-71-20,EACOP,PS5 - TZA - PS5 - Tanzania,E,E
PS5-71-14 - Diesel Fuel Transfer and Dispensing Station,PS5-71-14,EACOP,PS5 - TZA - PS5 - Tanzania,E,E
PS5-71-18 - Diesel Separator Module,PS5-71-18,EACOP,PS5 - TZA - PS5 - Tanzania,E,E
PS5-74-02 - N2 Generation Skid (UCP),PS5-74-02,EACOP,PS5 - TZA - PS5 - Tanzania,E,E
PS5-28-07 - Open Drains (OD2),PS5-28-07,EACOP,PS5 - TZA - PS5 - Tanzania,E,E
PS5-75-01 - DRA Injection Package,PS5-75-01,EACOP,PS5 - TZA - PS5 - Tanzania,E,E
PS5-78-01 - Lifting and handling equipment,PS5-78-01,EACOP,PS5 - TZA - PS5 - Tanzania,E,E
PS5-02-01 - Miscellaneous Safety equipment,PS5-02-01,EACOP,PS5 - TZA - PS5 - Tanzania,E,E
PS5-06-04 - AC UPS - Guard House,PS5-06-04,EACOP,PS5 - TZA - PS5 - Tanzania,E,E
PS5-09-02 - HVAC for Guard House,PS5-09-02,EACOP,PS5 - TZA - PS5 - Tanzania,E,E
PS5-04-05 - 33kV SIS/FGS System,PS5-04-05,EACOP,PS5 - IDN - PS5 - Indonesia,E,E
PS5-04-04 - 33kV PCS System,PS5-04-04,EACOP,PS5 - IDN - PS5 - Indonesia,E,E
PS5-06-01 - AC UPS - EITS Building,PS5-06-01,EACOP,PS5 - IDN - PS5 - Indonesia,E,E
PS5-08-13 - Safety Data Network (SII SP3 SAF),PS5-08-13,EACOP,PS5 - IDN - PS5 - Indonesia,E,E
PS5-08-35 - Optical Transport Network,PS5-08-35,EACOP,PS5 - IDN - PS5 - Indonesia,E,E
PS5-09-05 - HVAC for EITS Building,PS5-09-05,EACOP,PS5 - COW - PS5 - Tanzania,E,E
PS5-71-03 - CFO Allocation Metering Package (UCP),PS5-71-03,EACOP,PS5 - IDN - PS5 - Indonesia,E,E
PS5-61-12 - EITS 33kV Bld. Normal Auxiliary DP - PS5-61-IG-0008,PS5-61-12,EACOP,PS5 - IDN - PS5 - Indonesia,E,E
PS5-71-01 - CFO Storage Tank Feed Heater,PS5-71-01,EACOP,PS5 - IDN - PS5 - Indonesia,E,E
PS5-50-01 - Water Well Submersible Pumps (3100),PS5-50-01,EACOP,PS5 - TZA - PS5 - Tanzania,E,E
PS5-50-02 - Water Well Submersible Pumps (3200),PS5-50-02,EACOP,PS5 - TZA - PS5 - Tanzania,E,E
PS5-28-06 - Relief Drum and Pump,PS5-28-06,EACOP,PS5 - TZA - PS5 - Tanzania,E,E
PS5-28-08 - Open Drain Sump and Pumps,PS5-28-08,EACOP,PS5 - TZA - PS5 - Tanzania,E,E
PS5-53-02 - Water Distribution Pump A/B,PS5-53-02,EACOP,PS5 - TZA - PS5 - Tanzania,E,E
PS5-60-24 - Cooling Water Tank & Pump,PS5-60-24,EACOP,PS5 - TZA - PS5 - Tanzania,E,E
PS5-60-25 - Cooling Water Maintenance Tank & Return Pump,PS5-60-25,EACOP,PS5 - TZA - PS5 - Tanzania,E,E
PS5-71-16 - Diesel Fuel Supply Pump A/B,PS5-71-16,EACOP,PS5 - TZA - PS5 - Tanzania,E,E
PS5-62-03 - Outdoor Emergency Lighting DB  - PS5-05-IG-0004,PS5-62-03,EACOP,PS5 - TZA - PS5 - Tanzania,E,E
PS5-62-04 - Outdoor Emergency Lighting DB  - PS5-05-IG-0006,PS5-62-04,EACOP,PS5 - TZA - PS5 - Tanzania,E,E
PS5-62-05 - Guard House Emergency L&SP DB  - PS5-05-IG-0007,PS5-62-05,EACOP,PS5 - TZA - PS5 - Tanzania,E,E
PS5-62-08 - Outdoor Normal Lighting  DB  - PS5-61-IG-0006,PS5-62-08,EACOP,PS5 - TZA - PS5 - Tanzania,E,E
PS5-62-09 - Outdoor Normal Lighting DB  - PS5-61-IG-0007,PS5-62-09,EACOP,PS5 - TZA - PS5 - Tanzania,E,E
PS5-61-09 - Outdoor Power Distribution Board - PS5-61-IG-0014,PS5-61-09,EACOP,PS5 - TZA - PS5 - Tanzania,E,E
PS5-61-10 - Outdoor Valves Distribution Board - PS5-61-IG-0042,PS5-61-10,EACOP,PS5 - TZA - PS5 - Tanzania,E,E
PS5-61-11 - Outdoor Valves Distribution Board - PS5-61-IG-0043,PS5-61-11,EACOP,PS5 - TZA - PS5 - Tanzania,E,E
PS5-74-01 - N2 Generation Skid,PS5-74-01,EACOP,PS5 - TZA - PS5 - Tanzania,E,E
PS5-62-15 - Office Building Normal L&SP DB - PS5-61-IG-0002,PS5-62-15,EACOP,PS5 - TZA - PS5 - Tanzania,,E
PS5-62-20 - Office Building Normal L&SP DB - PS5-61-IG-0010,PS5-62-20,EACOP,PS5 - TZA - PS5 - Tanzania,,E
PS5-62-16 - Guard Hut A Normal L&SP DB - PS5-61-IG-0111,PS5-62-16,EACOP,PS5 - TZA - PS5 - Tanzania,,E
PS5-62-17 - Guard Hut B Normal L&SP DB - PS5-61-IG-0112,PS5-62-17,EACOP,PS5 - TZA - PS5 - Tanzania,,E
PS5-06-05 - AC UPS - Workshop & Warehouse,PS5-06-05,EACOP,PS5 - TZA - PS5 - Tanzania,,E
PS5-63-01 - Electrical Earthing,PS5-63-01,EACOP,PS5 - TZA - PS5 - Tanzania,E,E
PS5-63-02 - Electrical Earthing - Office and Facilities building,PS5-63-02,EACOP,PS5 - TZA - PS5 - Tanzania,E,E
PS5-63-06 - Electrical Earthing - Guard House,PS5-63-06,EACOP,PS5 - TZA - PS5 - Tanzania,E,E
PS5-63-05 - Electrical Earthing - Guard Hut A & B,PS5-63-05,EACOP,PS5 - TZA - PS5 - Tanzania,E,E
PS5-63-04 - Electrical Earthing - EITS Building,PS5-63-04,EACOP,PS5 - COW - PS5 - Tanzania,E,E
PS5-63-07 - Electrical Earthing - Workshop & Warehouse,PS5-63-07,EACOP,PS5 - TZA - PS5 - Tanzania,E,E
PS5-63-03 - Electrical Earthing - Generator Building,PS5-63-03,EACOP,PS5 - TZA - PS5 - Tanzania,E,E
PS5-01-09 - Inergen for EITS Building,PS5-01-09,EACOP,PS5 - IDN - PS5 - Indonesia,M,E
PS5-71-06 - Crude Fuel Separation Module,PS5-71-06,EACOP,PS5 - TZA - PS5 - Tanzania,M,E
PS5-50-03 - Water Pre-Treatment Package,PS5-50-03,EACOP,PS5 - TZA - PS5 - Tanzania,M,E
PS5-53-04 - Water Treatment Purification Package,PS5-53-04,EACOP,PS5 - TZA - PS5 - Tanzania,M,E
PS5-71-02 - CFO Allocation Metering Package,PS5-71-02,EACOP,PS5 - TZA - PS5 - Tanzania,M,E
PS5-75-02 - Biocide Injection Package,PS5-75-02,EACOP,PS5 - TZA - PS5 - Tanzania,M,E
PS5-75-03 - Corrosion Inhibitor Injection Package,PS5-75-03,EACOP,PS5 - TZA - PS5 - Tanzania,M,E
PS5-53-03 - Water Softener Package,PS5-53-03,EACOP,PS5 - TZA - PS5 - Tanzania,M,E
PS5-82-02 - Sewage Treatment Plant Package,PS5-82-02,EACOP,PS5 - TZA - PS5 - Tanzania,M,E
PS5-09-04 - HVAC for Workshop & Warehouse,PS5-09-04,EACOP,PS5 - TZA - PS5 - Tanzania,H,H
PS5-09-01 - HVAC for Office and Facilities building,PS5-09-01,EACOP,PS5 - TZA - PS5 - Tanzania,H,H
PS5-03-23 - FZ-E1 to E3 - EITS Building,PS5-03-23,EACOP,PS5 - IDN - PS5 - Indonesia,I,I
PS5-03-24 - FZ - Office and Facilities Building,PS5-03-24,EACOP,PS5 - TZA - PS5 - Tanzania,I,I
PS5-03-25 - FZ - Workshop & Warehouse,PS5-03-25,EACOP,PS5 - TZA - PS5 - Tanzania,I,I
PS5-74-03 - Nitrogen Receiver,PS5-74-03,EACOP,PS5 - TZA - PS5 - Tanzania,I,I
PS5-03-01 - FZ-01 - Process Area,PS5-03-01,EACOP,PS5 - TZA - PS5 - Tanzania,I,I
PS5-03-03 - FZ-03 - Buildings Area,PS5-03-03,EACOP,PS5 - TZA - PS5 - Tanzania,I,I
PS5-03-04 - FZ-04 - Utilities - Diesel and Firewater Pumps Areas,PS5-03-04,EACOP,PS5 - TZA - PS5 - Tanzania,I,I
PS5-03-06 - FZ-06 - Transformer Area,PS5-03-06,EACOP,PS5 - TZA - PS5 - Tanzania,I,I
PS5-03-08 - FZ-08 - Utilities - Power Generation Area - External,PS5-03-08,EACOP,PS5 - TZA - PS5 - Tanzania,I,I
PS5-03-07 - FZ-07 - Pretreatment Area,PS5-03-07,EACOP,PS5 - TZA - PS5 - Tanzania,I,I
PS5-03-13 - FZ-13 - Power Generation Building - Instrument Air Room,PS5-03-13,EACOP,PS5 - TZA - PS5 - Tanzania,I,I
PS5-71-17 - Diesel Fuel Distribution Header,PS5-71-17,EACOP,PS5 - TZA - PS5 - Tanzania,I,I
PS5-01-07 - Fire Water Ring Main & Distribution,PS5-01-07,EACOP,PS5 - TZA - PS5 - Tanzania,I,I
PS5-74-04 - Nitrogen Distribution Header,PS5-74-04,EACOP,PS5 - TZA - PS5 - Tanzania,I,I
PS5-08-93 - Telecom Monitoring System,PS5-08-93,EACOP,PS5 - IDN - PS5 - Indonesia,I,I
PS5-03-19 - FZ-19 - Power Generation Building - Battery Room,PS5-03-19,EACOP,PS5 - TZA - PS5 - Tanzania,I,I
PS5-03-17 - FZ-17 - Power Generation Building - Generator Room 3,PS5-03-17,EACOP,PS5 - TZA - PS5 - Tanzania,I,I
PS5-03-09 - FZ-09 - Power Generation Building - Engine Bay 1,PS5-03-09,EACOP,PS5 - TZA - PS5 - Tanzania,I,I
PS5-03-10 - FZ-10 - Power Generation Building - Engine Bay 2,PS5-03-10,EACOP,PS5 - TZA - PS5 - Tanzania,I,I
PS5-03-11 - FZ-11 - Power Generation Building - Engine Bay 3,PS5-03-11,EACOP,PS5 - TZA - PS5 - Tanzania,I,I
PS5-03-12 - FZ-12 - Power Generation Building - Engine Bay 4,PS5-03-12,EACOP,PS5 - TZA - PS5 - Tanzania,I,I
PS5-03-15 - FZ-15 - Power Generation Building - Generator Room 1,PS5-03-15,EACOP,PS5 - TZA - PS5 - Tanzania,I,I
PS5-03-16 - FZ-16 - Power Generation Building - Generator Room 2,PS5-03-16,EACOP,PS5 - TZA - PS5 - Tanzania,I,I
PS5-03-18 - FZ-18 - Power Generation Building - Generator Room 4,PS5-03-18,EACOP,PS5 - TZA - PS5 - Tanzania,I,I
PS5-03-21 - FZ-21 - Power Generation Building - Air Handling Unit,PS5-03-21,EACOP,PS5 - TZA - PS5 - Tanzania,I,I
PS5-03-20 - FZ-20 - Emergency Diesel Generator Enclosure,PS5-03-20,EACOP,PS5 - TZA - PS5 - Tanzania,I,I
PS5-60-28 - Air Receiver A & Air Regulator A,PS5-60-28,EACOP,PS5 - TZA - PS5 - Tanzania,I,I
PS5-60-29 - Air Receiver B & Air Regulator B,PS5-60-29,EACOP,PS5 - TZA - PS5 - Tanzania,I,I
PS5-60-30 - Air Receiver C & Air Regulator C,PS5-60-30,EACOP,PS5 - TZA - PS5 - Tanzania,I,I
PS5-60-31 - Air Receiver D & Air Regulator D,PS5-60-31,EACOP,PS5 - TZA - PS5 - Tanzania,I,I
PS5-60-32 - Air Receiver E & Air Regulator E,PS5-60-32,EACOP,PS5 - TZA - PS5 - Tanzania,I,I
PS5-60-33 - Air Receiver F & Air Regulator F,PS5-60-33,EACOP,PS5 - TZA - PS5 - Tanzania,I,I
PS5-60-34 - Air Receiver G & Air Regulator G,PS5-60-34,EACOP,PS5 - TZA - PS5 - Tanzania,I,I
PS5-28-05 - HP Relief Header,PS5-28-05,EACOP,PS5 - TZA - PS5 - Tanzania,I,I
PS5-28-16 - LP Relief Header,PS5-28-16,EACOP,PS5 - TZA - PS5 - Tanzania,I,I
PS5-82-03 - Sewage Treatment Plant Package (UCP),PS5-82-03,EACOP,PS5 - TZA - PS5 - Tanzania,I,I
PS5-91-01 - Multicore cables & JB,PS5-91-01,EACOP,PS5 - TZA - PS5 - Tanzania,I,I
PS5-04-02 - Office Building SIS/FGS System,PS5-04-02,EACOP,PS5 - TZA - PS5 - Tanzania,I,I
PS5-08-07 - Multi-Channel Voice Recorder,PS5-08-07,EACOP,PS5 - TZA - PS5 - Tanzania,T,E
PS5-28-09 - Observation Basin,PS5-28-09,EACOP,PS5 - TZA - PS5 - Tanzania,P,P
PS5-01-04 - Fire Water Pump Mini Flow Recycle,PS5-01-04,EACOP,PS5 - TZA - PS5 - Tanzania,P,P
PS5-01-06 - Foam Concentrate Distribution,PS5-01-06,EACOP,PS5 - TZA - PS5 - Tanzania,P,P
PS5-28-01 - Closed Drain Header 1,PS5-28-01,EACOP,PS5 - TZA - PS5 - Tanzania,P,P
PS5-28-02 - Closed Drain Header 2,PS5-28-02,EACOP,PS5 - TZA - PS5 - Tanzania,P,P
PS5-28-12 - Open Drains (OD3),PS5-28-12,EACOP,PS5 - TZA - PS5 - Tanzania,P,P
PS5-53-05 - Water Distribution Header,PS5-53-05,EACOP,PS5 - TZA - PS5 - Tanzania,P,P
PS5-53-06 - Water Distribution Consumers,PS5-53-06,EACOP,PS5 - TZA - PS5 - Tanzania,P,P
PS5-60-23 - Instrument Air Distribution lines,PS5-60-23,EACOP,PS5 - TZA - PS5 - Tanzania,P,P
PS5-82-04 - Sewage Treatment Plant Discharge Piping,PS5-82-04,EACOP,PS5 - TZA - PS5 - Tanzania,P,P
PS5-02-02 - Portable Fire Fighting Equipments,PS5-02-02,EACOP,PS5 - TZA - PS5 - Tanzania,S,S
PS5-08-23 - VHF Trunk Radio System,PS5-08-23,EACOP,PS5 - IDN - PS5 - Indonesia,T,T
PS5-08-71 - Structured Cabling (CAT6),PS5-08-71,EACOP,PS5 - IDN - PS5 - Indonesia,T,T
PS5-08-83 - Perimeter & Pipeline intrusion detection system,PS5-08-83,EACOP,PS5 - TZA - PS5 - Tanzania,T,T
PS5-08-14 - Industrial Data Network (SII SP1),PS5-08-14,EACOP,PS5 - TZA - PS5 - Tanzania,T,T
PS5-08-82 - Key Management,PS5-08-82,EACOP,PS5 - TZA - PS5 - Tanzania,T,T
PS5-08-55 - Videoconference,PS5-08-55,EACOP,PS5 - TZA - PS5 - Tanzania,T,T
PS5-08-51 - Entertainment,PS5-08-51,EACOP,PS5 - TZA - PS5 - Tanzania,T,T
PS5-08-86 - Integrated Security Management System,PS5-08-86,EACOP,PS5 - TZA - PS5 - Tanzania,T,T
PS5-08-34 - Satphone,PS5-08-34,EACOP,PS5 - TZA - PS5 - Tanzania,T,T
PS5-08-92 - Telecom Mast,PS5-08-92,EACOP,PS5 - TZA - PS5 - Tanzania,T,T
PS5-04-01 - Office Building PCS System,PS5-04-01,EACOP,PS5 - TZA - PS5 - Tanzania,T,T
PS5-08-81 - Guard tour,PS5-08-81,EACOP,PS5 - TZA - PS5 - Tanzania,T,T
PS5-08-04 - Hotline,PS5-08-04,EACOP,PS5 - TZA - PS5 - Tanzania,T,T
PS5-82-01 - Sanitary Sewage Collection,PS5-82-01,EACOP,PS5 - TZA - PS5 - Tanzania,,P
PS5-08-72 - Structured Cabling (FO),PS5-08-72,EACOP,PS5 - IDN - PS5 - Indonesia,T,T
PS5-08-36 - Pipeline FO Cable & EPRS,PS5-08-36,EACOP,PS5 - TZA - PS5 - Tanzania,T,T
